<annotation>
  <folder>train</folder>
  <filename>monkeys_086</filename>
  <path>monkeys_086.jpg</path>
  <source>
    <database>Unknown</database>
  </source>
  <size>
    <width>474</width>
    <height>266</height>
    <depth>3</depth>
  </size>
  <segmented>0</segmented>
  <object>
    <name>monkey</name>
    <pose>Unspecified</pose>
    <truncated>0</truncated>
    <difficult>0</difficult>
    <bndbox>
      <xmin>104</xmin>
      <ymin>15</ymin>
      <xmax>226</xmax>
      <ymax>160</ymax>
    </bndbox>
  </object>
  <object>
    <name>monkey</name>
    <pose>Unspecified</pose>
    <truncated>0</truncated>
    <difficult>0</difficult>
    <bndbox>
      <xmin>163</xmin>
      <ymin>4</ymin>
      <xmax>474</xmax>
      <ymax>265</ymax>
    </bndbox>
  </object>
</annotation>