<annotation>
  <folder>train</folder>
  <filename>monkeys_089</filename>
  <path>monkeys_089.jpg</path>
  <source>
    <database>Unknown</database>
  </source>
  <size>
    <width>474</width>
    <height>484</height>
    <depth>3</depth>
  </size>
  <segmented>0</segmented>
  <object>
    <name>monkey</name>
    <pose>Unspecified</pose>
    <truncated>0</truncated>
    <difficult>0</difficult>
    <bndbox>
      <xmin>1</xmin>
      <ymin>176</ymin>
      <xmax>362</xmax>
      <ymax>483</ymax>
    </bndbox>
  </object>
  <object>
    <name>monkey</name>
    <pose>Unspecified</pose>
    <truncated>0</truncated>
    <difficult>0</difficult>
    <bndbox>
      <xmin>242</xmin>
      <ymin>100</ymin>
      <xmax>450</xmax>
      <ymax>432</ymax>
    </bndbox>
  </object>
</annotation>