<annotation>
  <folder>train</folder>
  <filename>monkeys_099</filename>
  <path>monkeys_099.jpg</path>
  <source>
    <database>Unknown</database>
  </source>
  <size>
    <width>474</width>
    <height>266</height>
    <depth>3</depth>
  </size>
  <segmented>0</segmented>
  <object>
    <name>monkey</name>
    <pose>Unspecified</pose>
    <truncated>0</truncated>
    <difficult>0</difficult>
    <bndbox>
      <xmin>49</xmin>
      <ymin>46</ymin>
      <xmax>204</xmax>
      <ymax>263</ymax>
    </bndbox>
  </object>
  <object>
    <name>monkey</name>
    <pose>Unspecified</pose>
    <truncated>0</truncated>
    <difficult>0</difficult>
    <bndbox>
      <xmin>192</xmin>
      <ymin>13</ymin>
      <xmax>460</xmax>
      <ymax>266</ymax>
    </bndbox>
  </object>
</annotation>