<annotation>
  <folder>train</folder>
  <filename>monkeys_084</filename>
  <path>monkeys_084.jpg</path>
  <source>
    <database>Unknown</database>
  </source>
  <size>
    <width>474</width>
    <height>314</height>
    <depth>3</depth>
  </size>
  <segmented>0</segmented>
  <object>
    <name>monkey</name>
    <pose>Unspecified</pose>
    <truncated>0</truncated>
    <difficult>0</difficult>
    <bndbox>
      <xmin>90</xmin>
      <ymin>7</ymin>
      <xmax>375</xmax>
      <ymax>312</ymax>
    </bndbox>
  </object>
</annotation>