<annotation>
  <folder>train</folder>
  <filename>monkeys_077</filename>
  <path>monkeys_077.jpg</path>
  <source>
    <database>Unknown</database>
  </source>
  <size>
    <width>474</width>
    <height>266</height>
    <depth>3</depth>
  </size>
  <segmented>0</segmented>
  <object>
    <name>monkey</name>
    <pose>Unspecified</pose>
    <truncated>0</truncated>
    <difficult>0</difficult>
    <bndbox>
      <xmin>114</xmin>
      <ymin>14</ymin>
      <xmax>329</xmax>
      <ymax>266</ymax>
    </bndbox>
  </object>
</annotation>