<annotation>
  <folder>train</folder>
  <filename>monkeys_087</filename>
  <path>monkeys_087.jpg</path>
  <source>
    <database>Unknown</database>
  </source>
  <size>
    <width>474</width>
    <height>265</height>
    <depth>3</depth>
  </size>
  <segmented>0</segmented>
  <object>
    <name>monkey</name>
    <pose>Unspecified</pose>
    <truncated>0</truncated>
    <difficult>0</difficult>
    <bndbox>
      <xmin>106</xmin>
      <ymin>12</ymin>
      <xmax>413</xmax>
      <ymax>265</ymax>
    </bndbox>
  </object>
</annotation>