<annotation>
  <folder>train</folder>
  <filename>monkeys_078</filename>
  <path>monkeys_078.jpg</path>
  <source>
    <database>Unknown</database>
  </source>
  <size>
    <width>474</width>
    <height>328</height>
    <depth>3</depth>
  </size>
  <segmented>0</segmented>
  <object>
    <name>monkey</name>
    <pose>Unspecified</pose>
    <truncated>0</truncated>
    <difficult>0</difficult>
    <bndbox>
      <xmin>144</xmin>
      <ymin>7</ymin>
      <xmax>331</xmax>
      <ymax>322</ymax>
    </bndbox>
  </object>
</annotation>