<annotation>
  <folder>train</folder>
  <filename>monkeys_091</filename>
  <path>monkeys_091.jpg</path>
  <source>
    <database>Unknown</database>
  </source>
  <size>
    <width>474</width>
    <height>631</height>
    <depth>3</depth>
  </size>
  <segmented>0</segmented>
  <object>
    <name>monkey</name>
    <pose>Unspecified</pose>
    <truncated>0</truncated>
    <difficult>0</difficult>
    <bndbox>
      <xmin>76</xmin>
      <ymin>98</ymin>
      <xmax>354</xmax>
      <ymax>630</ymax>
    </bndbox>
  </object>
</annotation>