<annotation>
  <folder>train</folder>
  <filename>monkeys_082</filename>
  <path>monkeys_082.jpg</path>
  <source>
    <database>Unknown</database>
  </source>
  <size>
    <width>474</width>
    <height>424</height>
    <depth>3</depth>
  </size>
  <segmented>0</segmented>
  <object>
    <name>monkey</name>
    <pose>Unspecified</pose>
    <truncated>0</truncated>
    <difficult>0</difficult>
    <bndbox>
      <xmin>61</xmin>
      <ymin>24</ymin>
      <xmax>379</xmax>
      <ymax>424</ymax>
    </bndbox>
  </object>
  <object>
    <name>monkey</name>
    <pose>Unspecified</pose>
    <truncated>0</truncated>
    <difficult>0</difficult>
    <bndbox>
      <xmin>99</xmin>
      <ymin>92</ymin>
      <xmax>374</xmax>
      <ymax>424</ymax>
    </bndbox>
  </object>
</annotation>