<annotation>
  <folder>train</folder>
  <filename>monkeys_079</filename>
  <path>monkeys_079.jpg</path>
  <source>
    <database>Unknown</database>
  </source>
  <size>
    <width>474</width>
    <height>355</height>
    <depth>3</depth>
  </size>
  <segmented>0</segmented>
  <object>
    <name>monkey</name>
    <pose>Unspecified</pose>
    <truncated>0</truncated>
    <difficult>0</difficult>
    <bndbox>
      <xmin>116</xmin>
      <ymin>5</ymin>
      <xmax>474</xmax>
      <ymax>355</ymax>
    </bndbox>
  </object>
</annotation>