<annotation>
  <folder>train</folder>
  <filename>monkeys_098</filename>
  <path>monkeys_098.jpg</path>
  <source>
    <database>Unknown</database>
  </source>
  <size>
    <width>474</width>
    <height>330</height>
    <depth>3</depth>
  </size>
  <segmented>0</segmented>
  <object>
    <name>monkey</name>
    <pose>Unspecified</pose>
    <truncated>0</truncated>
    <difficult>0</difficult>
    <bndbox>
      <xmin>51</xmin>
      <ymin>130</ymin>
      <xmax>224</xmax>
      <ymax>305</ymax>
    </bndbox>
  </object>
  <object>
    <name>monkey</name>
    <pose>Unspecified</pose>
    <truncated>0</truncated>
    <difficult>0</difficult>
    <bndbox>
      <xmin>246</xmin>
      <ymin>156</ymin>
      <xmax>472</xmax>
      <ymax>313</ymax>
    </bndbox>
  </object>
</annotation>