<annotation>
  <folder>train</folder>
  <filename>monkeys_100</filename>
  <path>monkeys_100.jpg</path>
  <source>
    <database>Unknown</database>
  </source>
  <size>
    <width>474</width>
    <height>632</height>
    <depth>3</depth>
  </size>
  <segmented>0</segmented>
  <object>
    <name>monkey</name>
    <pose>Unspecified</pose>
    <truncated>0</truncated>
    <difficult>0</difficult>
    <bndbox>
      <xmin>60</xmin>
      <ymin>76</ymin>
      <xmax>450</xmax>
      <ymax>630</ymax>
    </bndbox>
  </object>
</annotation>